{"cameraMode":{"drawMode":0,"name":"Shaded","section":"Shading Mode"},"sceneLighting":true,"audioPlay":false,"sceneViewState":{"m_AlwaysRefresh":false,"showFog":true,"showSkybox":true,"showFlares":true,"showImageEffects":true,"showParticleSystems":true,"showVisualEffectGraphs":true,"m_FxEnabled":true},"in2DMode":false,"pivot":{"x":20.030885696411134,"y":20.27755355834961,"z":-0.024982452392578126},"rotation":{"x":-0.14159898459911347,"y":0.8510281443595886,"z":-0.41299453377723696,"w":-0.29178279638290408},"size":576.0609741210938,"orthographic":false}