{"cameraMode":{"drawMode":0,"name":"Shaded","section":"Shading Mode"},"sceneLighting":false,"audioPlay":false,"sceneViewState":{"m_AlwaysRefresh":false,"showFog":true,"showSkybox":true,"showFlares":true,"showImageEffects":true,"showParticleSystems":true,"showVisualEffectGraphs":true,"m_FxEnabled":true},"in2DMode":false,"pivot":{"x":260.2640686035156,"y":159.2165069580078,"z":6.959661483764648},"rotation":{"x":-0.04878884181380272,"y":0.019080357626080514,"z":-0.0008543531293980777,"w":-0.9987514615058899},"size":214.97174072265626,"orthographic":true}